URL,Ultima scansione
https://www.audiobookitaliani.com/about/,1970-01-01
https://www.audiobookitaliani.com/categories/,1970-01-01
https://www.audiobookitaliani.com/categories/guide/,1970-01-01
https://www.audiobookitaliani.com/categories/kindle/,1970-01-01
https://www.audiobookitaliani.com/categories/recensioni/,1970-01-01
https://www.audiobookitaliani.com/kindle/,1970-01-01
https://www.audiobookitaliani.com/posts/2026-02-17-il-signore-degli-anelli---audiolibro/,1970-01-01
https://www.audiobookitaliani.com/posts/2026-02-17-io-sono-di-il-conte-di-saint-germain---audiolibro/,1970-01-01
https://www.audiobookitaliani.com/posts/2026-02-17-lalchimista---audiolibro-un-viaggio-di-realizzazione-personale/,1970-01-01
https://www.audiobookitaliani.com/posts/2026-02-17-moby-dick---audiolibro-linfinita-odissea-della-balena-bianca/,1970-01-01
https://www.audiobookitaliani.com/posts/2026-02-17-walden-ovvero-vita-nei-boschi---audiolibro/,1970-01-01
https://www.audiobookitaliani.com/posts/2026-02-19-alice-nel-paese-delle-meraviglie---audiolibro/,1970-01-01
https://www.audiobookitaliani.com/posts/2026-02-19-le-cronache-di-narnia---audiolibro/,1970-01-01
https://www.audiobookitaliani.com/posts/2026-02-20-il-rosso-e-il-nero---audiolibro/,1970-01-01
https://www.audiobookitaliani.com/posts/2026-02-22-orgoglio-e-pregiudizio---audiolibro/,1970-01-01
https://www.audiobookitaliani.com/posts/2026-02-23-geronimo-stilton---audiolibro/,1970-01-01
https://www.audiobookitaliani.com/posts/i-pirati-dei-caraibi-audiolibro/,1970-01-01
https://www.audiobookitaliani.com/posts/kafka-sulla-spiaggia-audiolibro/,1970-01-01
https://www.audiobookitaliani.com/posts/le-porte-della-percezione-audiolibro/,1970-01-01
https://www.audiobookitaliani.com/posts/neuromante-di-gibson-audiolibro/,1970-01-01
https://www.audiobookitaliani.com/posts/top-10-audiobook-italiani-2026/,1970-01-01
https://www.audiobookitaliani.com/privacy/,1970-01-01
https://www.audiobookitaliani.com/tags/,1970-01-01
https://www.audiobookitaliani.com/tags/audiolibri/,1970-01-01
https://www.audiobookitaliani.com/tags/avventura/,1970-01-01
https://www.audiobookitaliani.com/tags/classici/,1970-01-01
https://www.audiobookitaliani.com/tags/filosofia/,1970-01-01
https://www.audiobookitaliani.com/tags/kindle/,1970-01-01
https://www.audiobookitaliani.com/tags/libri/,1970-01-01
https://www.audiobookitaliani.com/tags/recensioni/,1970-01-01
https://www.audiobookitaliani.com/tags/romanzi/,1970-01-01
https://www.audiobookitaliani.com/tags/top10/,1970-01-01